epoch,train_rmse,val_mae,val_rmse
1,0.35469808495177435,0.28105905652046204,0.4058506190776825
2,0.493377593726356,0.48404598236083984,0.8583789467811584
3,0.4647247886646765,0.33830320835113525,0.5195590257644653
4,0.28982967834443907,0.47833698987960815,0.7996529340744019
5,0.4981642077316156,0.24428486824035645,0.3317711651325226
6,0.2273649289636745,0.15180328488349915,0.2003682255744934
7,0.20368934535725378,0.15258680284023285,0.20747756958007812
8,0.21306564275742834,0.1354133039712906,0.18196667730808258
9,0.17867337024832003,0.1270824670791626,0.1725708395242691
10,0.1706608627369126,0.12308527529239655,0.16468073427677155
11,0.1625917060070972,0.11582941561937332,0.15767748653888702
12,0.1613529755138064,0.11255449056625366,0.1516696810722351
13,0.1550911189030531,0.12851564586162567,0.1725856363773346
14,0.15902431194971114,0.10764347016811371,0.14684145152568817
15,0.1569731378426707,0.11310944706201553,0.15278677642345428
16,0.15249803851264018,0.1070345938205719,0.14380398392677307
17,0.1486643403735434,0.10307332128286362,0.14092567563056946
18,0.14568095681418453,0.0995173379778862,0.1358136534690857
19,0.13227061360757614,0.09456735849380493,0.1298549920320511
20,0.12769841470823118,0.09118334203958511,0.12417799234390259
21,0.12358246298138427,0.0877201035618782,0.12016326189041138
22,0.12066362830858715,0.08520481735467911,0.11704184859991074
23,0.11772268496237487,0.08438831567764282,0.11555281281471252
24,0.11656710239741018,0.08336858451366425,0.11423471570014954
25,0.11519518398234686,0.08271662145853043,0.11323771625757217
26,0.11366171101438083,0.08135312795639038,0.11141708493232727
27,0.1124198734547788,0.08132193982601166,0.110856793820858
28,0.11164368442093792,0.08077169209718704,0.11081115901470184
29,0.11273228912804936,0.08142711222171783,0.11069081723690033
30,0.1119401665396711,0.08398234844207764,0.11320825666189194
31,0.11319618249128226,0.08259592950344086,0.11198274791240692
32,0.11006481381190669,0.07937616109848022,0.10879422724246979
33,0.10949726229263684,0.07699621468782425,0.10652469843626022
34,0.10658704501081627,0.0746854841709137,0.10344678163528442
35,0.10441471460023691,0.07496148347854614,0.10342623293399811
36,0.10404784226301937,0.07402709126472473,0.10260573774576187
37,0.10359656409779476,0.07862662523984909,0.10703565180301666
38,0.1062939911608039,0.07772007584571838,0.10634469240903854
39,0.10312901195962496,0.07488490641117096,0.10295121371746063
40,0.1029518447422373,0.07549756020307541,0.10418642312288284
41,0.1027973009724754,0.07435264438390732,0.10216501355171204
42,0.10123372490701497,0.07234662771224976,0.09966496378183365
43,0.09929345123249171,0.07145150750875473,0.09908702224493027
44,0.09854176927946261,0.07016060501337051,0.09776314347982407
45,0.09733788520109626,0.06975182145833969,0.09676455706357956
46,0.09641017269576489,0.06886202096939087,0.0960962176322937
47,0.09590513367897266,0.06870756298303604,0.09560041129589081
48,0.09565307615991306,0.07026197016239166,0.09747437387704849
49,0.0955855372518671,0.06893622130155563,0.09569026529788971
50,0.0952039312390268,0.06835050135850906,0.09533713012933731
51,0.094360266082505,0.06767909973859787,0.09444950520992279
52,0.09371919122180346,0.0672195702791214,0.09396012127399445
53,0.09321421855867557,0.06687544286251068,0.0933542475104332
54,0.09262359895169639,0.06662710011005402,0.09332900494337082
55,0.09225527592475814,0.06623141467571259,0.09271669387817383
56,0.09176583022408784,0.06590516865253448,0.09231507033109665
57,0.0915418983586297,0.06584042310714722,0.09226178377866745
58,0.09121872181522775,0.06553085148334503,0.0918664038181305
59,0.090885526049948,0.0652724876999855,0.09156353771686554
60,0.09050970150307337,0.06523096561431885,0.09143687039613724
61,0.09026317107468704,0.06491640210151672,0.0910833552479744
62,0.08994385946125413,0.06485452502965927,0.09103449434041977
63,0.08978522546256305,0.06462688744068146,0.09071731567382812
64,0.08951947529243351,0.06437651067972183,0.09039755165576935
65,0.08933431511214236,0.06436489522457123,0.09046056866645813
66,0.08911104220887542,0.06409211456775665,0.09004003554582596
67,0.08898071283171317,0.06413225829601288,0.09004519879817963
68,0.08865375636023486,0.06388505548238754,0.08975577354431152
69,0.08847493770494522,0.0637146607041359,0.08956453949213028
70,0.08826070463109066,0.06362110376358032,0.08946109563112259
71,0.08810641218003411,0.06347893923521042,0.08929847180843353
72,0.08793783830891012,0.06338891386985779,0.08918215334415436
73,0.08780729851101349,0.06331593543291092,0.08911845833063126
74,0.0876846406886877,0.06324391812086105,0.08899417519569397
75,0.08757283588460867,0.06314943730831146,0.088887520134449
76,0.08746083206151417,0.06302233040332794,0.08872223645448685
77,0.0873600358090028,0.0629819855093956,0.08868268132209778
78,0.08726181955586568,0.06293191015720367,0.08862338215112686
79,0.08717620868938372,0.06288257986307144,0.0885636955499649
80,0.08709542844331553,0.0628092810511589,0.08847489953041077
81,0.08702948817557202,0.0627414882183075,0.088394396007061
82,0.08696348107950574,0.06271323561668396,0.08834531158208847
83,0.08690405695438144,0.06268108636140823,0.08830174803733826
84,0.08684815016939906,0.06264972686767578,0.08827405422925949
85,0.08679975249226073,0.0626181960105896,0.08823953568935394
86,0.08675626449003804,0.06258450448513031,0.08819098770618439
87,0.08671978143805226,0.06255943328142166,0.08815835416316986
88,0.08669186473595814,0.06254025548696518,0.08812925219535828
89,0.08666380164107201,0.06252115219831467,0.0881020799279213
90,0.0866382921095947,0.06250554323196411,0.08808325231075287
91,0.08661830024865635,0.062489282339811325,0.08806508779525757
92,0.08660344542924236,0.06247957795858383,0.08805359899997711
93,0.08658965959332633,0.062474507838487625,0.08804621547460556
94,0.0865787777131583,0.06247057765722275,0.08804234117269516
95,0.08657143002829809,0.06246616318821907,0.08803792297840118
96,0.08656562443599848,0.062463387846946716,0.08803462237119675
97,0.08656189228347932,0.06246136501431465,0.0880323126912117
98,0.08655999598249255,0.06246001273393631,0.08803044259548187
99,0.08655882974636127,0.06245968118309975,0.08803010731935501
100,0.08655855230665496,0.062459658831357956,0.08803009241819382
