epoch,train_bce,val_bce
1,0.5629286191293171,1.0305636731714785
2,0.5649443992546627,0.6995293125214656
3,0.45507753640413284,0.9382389920146739
4,0.4488827607461384,0.7059583050726976
5,0.39744736573525835,0.6022974654610201
6,0.48800150198595865,0.7750215015576907
7,0.4435658263308661,0.8216152597645264
8,0.4887700432113239,0.7925608522558504
9,0.4112019922052111,0.5728902161420873
10,0.40145737890686306,0.7158922373650992
11,0.37254555949143003,0.5901083023152849
12,0.36803052574396133,0.7177227845699153
13,0.3572209030389786,0.6189188856478329
14,0.34603664385420935,0.6229693781679374
15,0.34714840246098383,0.6562426220632402
16,0.34524657151528765,0.6004185280819501
17,0.3386094250849315,0.5550710632462608
18,0.35875407606363297,0.667639818277713
19,0.34819447355610983,0.6032675632020811
20,0.3390763465847288,0.6595572097615786
21,0.3395399440612112,0.596010383643917
22,0.34263466937201364,0.702223625087231
23,0.34133031751428333,0.5434256599897864
24,0.3264345367039953,0.6095186128663683
25,0.3193644402282579,0.5798982738262263
26,0.31425860630614416,0.5809204144751261
27,0.3108286527650697,0.5614779861437641
28,0.30683227202722,0.5589893202706304
29,0.30349430974040714,0.5318403744301201
30,0.3037789815238544,0.5445348286540802
31,0.2971155930842672,0.5256823894755402
32,0.29954285068171366,0.5095589304183037
33,0.31151206365653444,0.5474597212371338
34,0.3012096881866455,0.6739510623123262
35,0.3183180178914751,0.5024819332323923
36,0.30056955771786825,0.5292788601612359
37,0.29461678649697987,0.5344520168109691
38,0.29016271978616714,0.5186215436709154
39,0.2878779476242406,0.4631779855233263
40,0.29531149938702583,0.6053083766985381
41,0.2936319698180471,0.4718902669749272
42,0.29307678235428675,0.5004499223822236
43,0.2865142034632819,0.5410539198692662
44,0.28936455505234854,0.490584911851166
45,0.28092273750475477,0.4571046116007133
46,0.276229731206383,0.5011295864335726
47,0.27129714297396795,0.44820159824121675
48,0.2668603738503797,0.46831059075744247
49,0.26400983865771976,0.4496652618228079
50,0.26086090611560003,0.4521694814167248
51,0.258966075522559,0.4415219355438469
52,0.25794414803385735,0.4558151444715065
53,0.2583796882203647,0.43615747737174954
54,0.25555405233587536,0.4510067530605787
55,0.2572523429989815,0.4376097368107385
56,0.25450323575309347,0.4416890400231044
57,0.25395299441048075,0.4339852268684096
58,0.25327762216329575,0.43257795786138503
59,0.25121508645159857,0.43039477487515604
60,0.25039145031145643,0.4302525675798829
61,0.24970777492438043,0.42142477681188817
62,0.2504968047142029,0.43517317051099336
63,0.25049244346363203,0.4232570397199795
64,0.2493592341031347,0.4205225642705706
65,0.24838325647371157,0.42260449109753867
66,0.2470929218190057,0.42309216788991366
67,0.24692695374999726,0.4209986895540873
68,0.24663083414946282,0.4242263978798982
69,0.24695734732917377,0.41989583538863545
70,0.24643501320055552,0.4186471043236383
71,0.24572928196617536,0.4202982960388038
72,0.24506928878171103,0.416498049801869
73,0.2450513999376978,0.41853647519484233
74,0.24464031202452524,0.4157227241001543
75,0.24434853877340043,0.41461253330480585
76,0.2440360151231289,0.4160646370467081
77,0.24379963800311089,0.4132314643716689
78,0.24366859240191324,0.41484404431585586
79,0.2434650127376829,0.4126906499814108
80,0.24328820620264327,0.4135570522632021
81,0.24317402499062674,0.4135523789122391
82,0.24303753514375007,0.41345278300481203
83,0.24294614951525415,0.4125532174866226
84,0.24283043348363467,0.4127398321326145
85,0.242742158472538,0.41223519240639994
86,0.24265789879219873,0.4123349255499402
87,0.24258809962442943,0.4120108126890431
88,0.24253621803862707,0.41177870626303764
89,0.2424729328070368,0.41200496334961995
90,0.2424377783068589,0.4118813752421052
91,0.24239871970244817,0.4119146670743989
92,0.24237116585884774,0.4117461206458558
93,0.24234727291124208,0.4116942087607742
94,0.24232935213616916,0.4116726930159108
95,0.24231331795454025,0.41169821003723855
96,0.24230415586914336,0.41171129048487426
97,0.24229842158300535,0.4116614102613935
98,0.242293226399592,0.41166336639268303
99,0.24229123922330992,0.4116624813745665
100,0.24229061443890845,0.4116619208839957
